Price,Open,High,Low,Close,Volume
Ticker,AAPL,AAPL,AAPL,AAPL,AAPL
Date,,,,,
2020-01-02,71.55,72.6,71.29,72.54,135480400
2020-01-03,71.77,72.59,71.61,71.83,146322800
2020-01-06,70.95,72.44,70.7,72.41,118387200
2020-01-07,72.42,72.67,71.85,72.07,108872000
2020-01-08,71.77,73.53,71.77,73.22,132079200
2020-01-09,74.2,74.97,73.95,74.78,170108400
2020-01-10,75.01,75.51,74.45,74.95,140644800
2020-01-13,75.27,76.58,75.15,76.55,121532000
2020-01-14,76.49,76.7,75.39,75.52,161954400
2020-01-15,75.32,76.2,74.76,75.19,121923600
2020-01-16,75.74,76.25,75.37,76.13,108829200
2020-01-17,76.38,76.98,76.08,76.98,137816400
2020-01-21,76.61,77.05,76.32,76.46,110843200
2020-01-22,76.94,77.28,76.63,76.73,101832400
2020-01-23,76.78,77.18,76.23,77.1,104472000
2020-01-24,77.34,78.09,76.69,76.88,146537600
2020-01-27,74.88,75.3,73.63,74.62,161940000
2020-01-28,75.5,76.9,75.4,76.73,162234000
2020-01-29,78.36,79.18,77.62,78.33,216229200
2020-01-30,77.41,78.27,76.98,78.22,126743200
2020-01-31,77.51,77.93,74.46,74.75,199588400
2020-02-03,73.49,75.71,72.99,74.55,173788400
2020-02-04,76.15,77.2,75.75,77.01,136616400
2020-02-05,78.13,78.43,77.03,77.63,118826800
2020-02-06,77.9,78.54,77.35,78.54,105425600
2020-02-07,78.04,78.29,76.98,77.47,117684000
2020-02-10,76.06,77.84,75.98,77.84,109348800
2020-02-11,78.34,78.41,77.16,77.37,94323200
2020-02-12,77.82,79.22,77.82,79.21,113730400
2020-02-13,78.48,78.97,78.28,78.65,94747600
2020-02-14,78.62,78.92,78.16,78.67,80113600
2020-02-18,76.34,77.41,76.16,77.23,152531200
2020-02-19,77.47,78.57,77.47,78.34,93984000
2020-02-20,78.1,78.59,77.03,77.54,100566000
2020-02-21,77.13,77.58,75.17,75.79,129554000
2020-02-24,71.96,73.64,70.02,72.19,222195200
2020-02-25,72.86,73.24,69.27,69.74,230673600
2020-02-26,69.37,72.11,69.36,70.85,198054800
2020-02-27,68.05,69.24,66.08,66.22,320605600
2020-02-28,62.28,67.4,62.06,66.18,426510000
2020-03-02,68.34,72.97,67.23,72.34,341397200
2020-03-03,73.51,73.59,69.19,70.04,319475600
2020-03-04,71.76,73.45,70.96,73.29,219178400
2020-03-05,71.54,72.52,70.55,70.91,187572800
2020-03-06,68.27,70.4,68.08,69.97,226176800
2020-03-09,63.85,67.32,63.67,64.44,286744800
2020-03-10,67.09,69.34,65.21,69.08,285290000
2020-03-11,67.15,68.08,65.81,66.68,255598800
2020-03-12,61.96,65.36,60.04,60.09,418474000
2020-03-13,64.13,67.76,61.24,67.29,370732000
2020-03-16,58.57,62.72,58.1,58.64,322423600
2020-03-17,59.92,62.36,57.71,61.21,324056000
2020-03-18,58.05,60.52,57.4,59.72,300233600
2020-03-19,59.89,61.21,58.73,59.26,271857200
2020-03-20,59.84,60.96,55.2,55.5,401693200
2020-03-23,55.22,55.32,51.47,54.32,336752800
2020-03-24,57.22,59.96,56.72,59.77,287531200
2020-03-25,60.7,62.52,59.14,59.44,303602000
2020-03-26,59.68,62.62,59.64,62.56,252087200
2020-03-27,61.19,61.94,59.81,59.97,204216800
2020-03-30,60.7,61.86,60.38,61.69,167976400
2020-03-31,61.88,63.55,61.01,61.56,197002000
2020-04-01,59.67,60.21,57.89,58.32,176218400
2020-04-02,58.18,59.35,57.35,59.29,165934000
2020-04-03,58.78,59.48,57.85,58.44,129880000
2020-04-06,60.74,63.7,60.37,63.54,201820400
2020-04-07,65.56,65.77,62.7,62.8,202887200
2020-04-08,63.61,64.73,63.24,64.41,168895200
2020-04-09,65.05,65.38,64.08,64.88,161834800
2020-04-13,64.95,66.26,64.35,66.15,131022800
2020-04-14,67.78,69.78,67.31,69.49,194994800
2020-04-15,68.37,69.32,67.94,68.86,131154400
2020-04-16,69.57,69.77,68.35,69.4,157125200
2020-04-17,68.92,69.47,67.02,68.46,215250000
2020-04-20,67.29,68.19,67.02,67.04,130015200
2020-04-21,66.88,67.12,64.26,64.97,180991600
2020-04-22,66.24,67.28,65.9,66.84,116862400
2020-04-23,66.78,68.21,66.54,66.58,124814400
2020-04-24,67.11,68.51,67.06,68.5,126161200
2020-04-27,68.22,68.88,67.77,68.55,117087600
2020-04-28,69.01,69.2,67.35,67.44,112004800
2020-04-29,68.93,70.13,68.73,69.66,137280800
2020-04-30,70.2,71.3,69.81,71.12,183064000
2020-05-01,69.3,72.38,69.2,69.98,240616800
2020-05-04,70.0,71.1,69.31,70.97,133568000
2020-05-05,71.43,72.87,71.28,72.04,147751200
2020-05-06,72.74,73.41,72.35,72.78,142333600
2020-05-07,73.41,73.88,73.1,73.53,115215200
2020-05-08,74.19,75.33,73.86,75.28,133838400
2020-05-11,74.79,76.96,74.58,76.47,145946400
2020-05-12,77.15,77.6,75.47,75.59,162301200
2020-05-13,75.77,76.69,73.6,74.68,200622400
2020-05-14,73.92,75.2,73.19,75.14,158929200
2020-05-15,72.91,74.74,72.87,74.69,166348400
2020-05-18,76.02,76.83,75.33,76.45,135178400
2020-05-19,76.47,77.32,75.98,76.01,101729600
2020-05-20,76.87,77.56,76.83,77.49,111504800
2020-05-21,77.35,77.89,76.67,76.91,102688800
2020-05-22,76.65,77.49,76.55,77.41,81803200
2020-05-26,78.53,78.71,76.83,76.88,125522000
2020-05-27,76.74,77.36,76.0,77.22,112945200
2020-05-28,76.89,78.51,76.62,77.25,133560800
2020-05-29,77.5,77.96,76.82,77.18,153532400
2020-06-01,77.13,78.25,77.0,78.13,80791200
2020-06-02,77.86,78.51,77.42,78.49,87642800
2020-06-03,78.81,79.18,78.24,78.92,104491200
2020-06-04,78.74,79.04,77.87,78.24,87560400
2020-06-05,78.49,80.53,78.46,80.47,137250400
2020-06-08,80.17,80.98,79.45,80.94,95654400
2020-06-09,80.62,83.89,80.59,83.5,147712400
2020-06-10,84.45,86.12,84.01,85.65,166651600
2020-06-11,84.79,85.22,81.44,81.54,201662400
2020-06-12,83.68,84.43,81.13,82.24,200146000
2020-06-15,80.89,83.91,80.73,83.26,138808800
2020-06-16,85.31,85.74,83.68,85.46,165428800
2020-06-17,86.21,86.27,85.22,85.35,114406400
2020-06-18,85.3,85.8,84.77,85.38,96820400
2020-06-19,86.09,86.55,83.78,84.89,264476000
2020-06-22,85.28,87.26,85.24,87.11,135445200
2020-06-23,88.36,90.39,87.94,88.97,212155600
2020-06-24,88.6,89.52,87.03,87.4,192623200
2020-06-25,87.56,88.6,86.8,88.56,137522400
2020-06-26,88.46,88.68,85.69,85.84,205256800
2020-06-29,85.75,87.91,85.27,87.82,130646000
2020-06-30,87.41,88.84,87.39,88.55,140223200
2020-07-01,88.63,89.17,88.34,88.38,110737200
2020-07-02,89.29,89.93,88.27,88.38,114041600
2020-07-06,89.81,91.22,89.78,90.75,118655600
2020-07-07,91.13,91.91,90.36,90.47,112424400
2020-07-08,91.45,92.61,91.36,92.57,117092000
2020-07-09,93.47,93.52,91.92,92.97,125642800
2020-07-10,92.57,93.19,91.96,93.14,90257200
2020-07-13,94.44,97.05,92.49,92.71,191649200
2020-07-14,92.09,94.43,91.15,94.24,170989200
2020-07-15,96.12,96.37,93.69,94.89,153198000
2020-07-16,93.76,94.58,93.12,93.72,110577600
2020-07-17,94.17,94.33,93.06,93.53,92186800
2020-07-20,93.62,95.64,93.27,95.5,90318000
2020-07-21,96.29,96.37,93.93,94.18,103433200
2020-07-22,93.89,95.13,93.8,94.45,89001600
2020-07-23,94.18,94.26,89.34,90.15,197004400
2020-07-24,88.35,90.27,86.56,89.93,185438800
2020-07-27,90.99,92.15,90.77,92.06,121214000
2020-07-28,91.63,91.8,90.54,90.55,103625600
2020-07-29,91.03,92.47,90.99,92.28,90329200
2020-07-30,91.45,93.5,91.05,93.4,158130000
2020-07-31,99.9,103.33,97.9,103.17,374336800
2020-08-03,105.06,108.4,104.76,105.77,308151200
2020-08-04,105.96,107.57,105.24,106.48,173071600
2020-08-05,106.2,107.19,105.74,106.87,121776800
2020-08-06,107.2,111.09,106.61,110.6,202428800
2020-08-07,110.12,110.57,107.28,108.08,198045600
2020-08-10,109.53,110.67,107.0,109.65,212403600
2020-08-11,108.92,109.41,106.13,106.39,187902400
2020-08-12,107.48,110.18,107.29,109.93,165598000
2020-08-13,111.31,112.88,110.82,111.87,210082000
2020-08-14,111.7,111.86,109.96,111.77,165565200
2020-08-17,112.9,112.92,110.85,111.48,119561600
2020-08-18,111.23,112.84,110.9,112.41,105633600
2020-08-19,112.82,113.97,112.46,112.55,145538000
2020-08-20,112.59,115.16,112.58,115.05,126907200
2020-08-21,116.01,121.46,116.0,120.98,338054800
2020-08-24,125.19,125.27,120.56,122.42,345937600
2020-08-25,121.3,121.76,119.7,121.42,211495600
2020-08-26,122.74,123.53,121.67,123.07,163022400
2020-08-27,123.67,124.01,120.45,121.6,155552400
2020-08-28,122.57,122.99,121.18,121.4,187630000
2020-08-31,124.1,127.43,122.56,125.52,225702700
2020-09-01,129.14,131.12,126.97,130.52,151948100
2020-09-02,133.84,134.22,123.54,127.82,200119000
2020-09-03,123.45,125.32,117.21,117.58,257599600
2020-09-04,116.79,120.33,107.86,117.66,332607200
2020-09-08,110.84,115.74,109.61,109.74,231366600
2020-09-09,114.06,115.89,112.12,114.12,176940500
2020-09-10,117.08,117.21,109.43,110.39,182274400
2020-09-11,111.44,112.09,107.0,108.94,180860300
2020-09-14,111.59,112.77,109.72,112.21,140150100
2020-09-15,115.1,115.59,110.51,112.39,184642000
2020-09-16,112.09,112.84,108.98,109.07,154679000
2020-09-17,106.73,109.14,105.74,107.33,178011000
2020-09-18,107.39,107.85,103.2,103.93,287104900
2020-09-21,101.69,107.18,100.29,107.08,195713800
2020-09-22,109.61,109.78,106.18,108.76,183055400
2020-09-23,108.57,109.05,103.86,104.2,150718700
2020-09-24,102.3,107.24,102.14,105.27,167743300
2020-09-25,105.47,109.37,104.73,109.22,149981400
2020-09-28,111.87,112.17,109.7,111.82,137672400
2020-09-29,111.42,112.16,110.47,110.98,99382200
2020-09-30,110.69,114.06,110.52,112.65,142675200
2020-10-01,114.43,114.51,112.67,113.6,116120400
2020-10-02,109.81,112.22,109.16,109.94,144712000
2020-10-05,110.8,113.47,110.45,113.32,106243800
2020-10-06,112.54,112.95,109.19,110.07,161498200
2020-10-07,111.49,112.4,111.02,111.94,96849000
2020-10-08,113.08,113.22,111.46,111.83,83477200
2020-10-09,112.13,113.81,111.78,113.78,100506900
2020-10-12,116.78,121.76,116.03,121.01,240226800
2020-10-13,121.85,121.97,116.39,117.8,262330500
2020-10-14,117.7,119.67,116.36,117.88,150712000
2020-10-15,115.48,117.89,114.93,117.42,112559200
2020-10-16,117.97,118.23,115.57,115.77,115393800
2020-10-19,116.69,117.13,112.5,112.82,120639300
2020-10-20,113.03,115.73,112.48,114.3,124423700
2020-10-21,113.49,115.47,113.27,113.68,89946000
2020-10-22,114.25,114.82,111.46,112.59,101988000
2020-10-23,113.21,113.37,111.16,111.9,82572600
2020-10-26,110.9,113.37,109.8,111.91,111850700
2020-10-27,112.34,114.08,111.42,113.42,92276800
2020-10-28,111.91,112.28,108.07,108.17,143937800
2020-10-29,109.3,113.74,109.14,112.17,146129200
2020-10-30,108.03,108.93,104.78,105.89,190272600
2020-11-02,106.13,107.66,104.39,105.8,122866900
2020-11-03,106.67,108.45,105.76,107.43,107624400
2020-11-04,111.03,112.44,109.28,111.81,138235500
2020-11-05,114.73,116.36,113.68,115.78,126387100
2020-11-06,115.29,116.15,113.16,115.65,114457900
2020-11-09,117.41,118.87,113.08,113.34,154515300
2020-11-10,112.59,114.58,111.21,113.0,138023400
2020-11-11,114.19,116.57,113.46,116.43,112295000
2020-11-12,116.56,117.44,115.53,116.16,103162300
2020-11-13,116.38,116.61,114.85,116.21,81581900
2020-11-16,115.88,117.89,115.12,117.22,91183000
2020-11-17,116.49,117.58,115.91,116.33,74271000
2020-11-18,115.57,116.75,114.98,115.01,76322100
2020-11-19,114.58,116.01,113.82,115.6,74113000
2020-11-20,115.6,115.73,114.29,114.34,73604300
2020-11-23,114.18,114.61,110.84,110.93,127959300
2020-11-24,110.99,112.88,109.71,112.22,113874200
2020-11-25,112.59,113.76,112.22,113.06,76499200
2020-11-27,113.59,114.48,113.24,113.6,46691300
2020-11-30,113.98,117.87,113.82,116.0,169410200
2020-12-01,117.91,120.31,116.94,119.58,127728200
2020-12-02,118.9,120.21,117.79,119.93,89004200
2020-12-03,120.36,120.61,119.08,119.79,78967600
2020-12-04,119.46,119.71,118.41,119.12,78260400
2020-12-07,119.18,121.38,119.12,120.58,86712000
2020-12-08,121.19,121.78,119.94,121.2,82225500
2020-12-09,121.34,122.73,117.9,118.66,115089200
2020-12-10,117.41,120.7,117.07,120.08,81312200
2020-12-11,119.3,119.62,117.46,119.28,86939800
2020-12-14,119.46,120.19,118.43,118.66,79184500
2020-12-15,121.16,124.63,120.95,124.61,157243700
2020-12-16,124.15,125.08,123.32,124.54,98208600
2020-12-17,125.6,126.26,124.76,125.4,94359800
2020-12-18,125.66,125.79,122.89,123.42,192541500
2020-12-21,121.82,125.02,120.29,124.95,121251600
2020-12-22,128.24,130.97,126.33,128.5,168904800
2020-12-23,128.78,129.04,127.43,127.61,88223700
2020-12-24,127.96,130.04,127.74,128.59,54930100
2020-12-28,130.56,133.82,130.09,133.19,124486200
2020-12-29,134.52,135.24,130.9,131.42,121047300
2020-12-30,132.11,132.51,129.98,130.3,96452100
2020-12-31,130.65,131.29,128.35,129.29,99116600
2021-01-04,130.1,130.19,123.51,126.1,143301900
2021-01-05,125.59,128.37,125.14,127.66,97664900
2021-01-06,124.45,127.69,123.14,123.36,155088000
2021-01-07,125.07,128.26,124.59,127.57,109578200
2021-01-08,129.04,129.23,126.9,128.67,105158200
2021-01-11,125.88,126.84,125.21,125.68,100384500
2021-01-12,125.21,126.37,123.61,125.5,91951100
2021-01-13,125.46,128.08,125.2,127.54,88636800
2021-01-14,127.45,127.65,125.46,125.61,90221800
2021-01-15,125.48,126.89,123.75,123.88,111598500
2021-01-19,124.51,125.41,123.69,124.56,90757300
2021-01-20,125.37,129.1,125.26,128.65,104319500
2021-01-21,130.37,136.09,130.17,133.37,120150900
2021-01-22,132.79,136.27,131.56,135.51,114459400
2021-01-25,139.41,141.38,133.04,139.26,157611700
2021-01-26,139.92,140.61,137.75,139.49,98390600
2021-01-27,139.76,140.61,136.81,138.42,140843800
2021-01-28,135.95,138.35,133.2,133.58,142621100
2021-01-29,132.35,133.24,126.88,128.58,177523800
2021-02-01,130.33,131.91,127.58,130.71,106239800
2021-02-02,132.25,132.82,131.16,131.53,83305400
2021-02-03,132.28,132.29,130.19,130.51,89880900
2021-02-04,132.81,133.88,131.14,133.87,84183100
2021-02-05,134.03,134.1,132.58,133.46,75693800
2021-02-08,132.75,133.65,131.66,133.6,71297200
2021-02-09,133.32,134.55,132.57,132.73,76774200
2021-02-10,133.18,133.68,131.15,132.12,73046600
2021-02-11,132.62,133.1,130.54,131.87,64280000
2021-02-12,131.11,132.26,130.46,132.1,60145100
2021-02-16,132.22,132.73,129.58,129.97,80576300
2021-02-17,128.08,129.03,126.34,127.68,97918500
2021-02-18,126.08,126.86,124.33,126.58,96856700
2021-02-19,127.09,127.55,125.69,126.73,87668800
2021-02-22,124.92,126.59,122.57,122.96,103916400
2021-02-23,120.77,123.65,115.53,122.82,158273000
2021-02-24,121.92,122.53,119.28,122.32,111039900
2021-02-25,121.67,123.41,117.63,118.07,148199500
2021-02-26,119.63,121.84,118.27,118.33,164560400
2021-03-01,120.76,124.84,119.82,124.7,116307900
2021-03-02,125.31,125.61,121.99,122.1,102260900
2021-03-03,121.8,122.67,118.9,119.11,112966300
2021-03-04,118.81,120.62,115.76,117.23,178155000
2021-03-05,118.06,119.0,114.73,118.49,153766600
2021-03-08,118.01,118.08,113.4,113.55,154376600
2021-03-09,116.16,119.11,115.92,118.17,129525800
2021-03-10,118.75,119.22,116.57,117.08,111943300
2021-03-11,119.58,120.23,118.33,119.01,103026500
2021-03-12,117.49,118.24,116.28,118.11,88105100
2021-03-15,118.48,121.01,117.51,121.0,92403800
2021-03-16,122.66,124.15,121.71,122.54,115227900
2021-03-17,121.05,122.82,119.39,121.75,111932600
2021-03-18,119.91,120.21,117.41,117.62,121229700
2021-03-19,117.0,118.5,116.79,117.09,185549500
2021-03-22,117.42,120.88,117.36,120.41,111912300
2021-03-23,120.35,121.24,119.19,119.58,95467100
2021-03-24,119.85,119.93,117.17,117.19,88530500
2021-03-25,116.65,118.72,116.13,117.68,98844700
2021-03-26,117.44,118.55,116.05,118.28,94071200
2021-03-29,118.71,119.62,117.81,118.46,80819200
2021-03-30,117.21,117.49,115.99,117.0,85671900
2021-03-31,118.71,120.54,118.22,119.2,118323800
2021-04-01,120.67,121.18,119.53,120.03,75089100
2021-04-05,120.88,123.11,120.1,122.86,88651200
2021-04-06,123.45,124.06,122.62,123.16,80171300
2021-04-07,122.79,124.83,122.12,124.81,83466700
2021-04-08,125.84,127.24,125.42,127.21,88844600
2021-04-09,126.67,129.83,126.34,129.79,106686700
2021-04-12,129.32,129.64,127.48,128.07,91420000
2021-04-13,129.24,131.41,128.74,131.18,91266500
2021-04-14,131.68,131.74,128.48,128.84,87222800
2021-04-15,130.59,131.74,130.41,131.25,89347100
2021-04-16,131.06,131.42,130.06,130.92,84922400
2021-04-19,130.29,132.2,130.12,131.58,94264200
2021-04-20,131.76,132.26,128.63,129.9,94812300
2021-04-21,129.16,130.52,128.13,130.28,68847100
2021-04-22,129.83,130.91,128.24,128.75,84566500
2021-04-23,128.97,131.86,128.97,131.08,78657500
2021-04-26,131.57,131.8,130.33,131.47,66905100
2021-04-27,131.75,132.14,130.87,131.14,66015800
2021-04-28,131.07,131.76,129.87,130.35,107760100
2021-04-29,133.17,133.76,129.25,130.26,151101000
2021-04-30,128.6,130.33,127.9,128.29,109839500
2021-05-03,128.85,130.83,128.65,129.34,75135100
2021-05-04,128.02,128.31,123.64,124.76,137564700
2021-05-05,126.08,127.3,124.88,125.01,84000900
2021-05-06,124.8,126.62,124.06,126.61,78128300
2021-05-07,127.91,128.31,126.57,127.28,78973300
2021-05-10,126.5,126.63,123.96,124.0,88071200
2021-05-11,120.72,123.43,120.01,123.08,126142800
2021-05-12,120.62,121.84,119.5,120.01,112172300
2021-05-13,121.78,123.31,121.47,122.16,105861300
2021-05-14,123.41,125.01,123.02,124.58,81918000
2021-05-17,123.97,124.08,122.35,123.43,74244600
2021-05-18,123.71,124.13,121.97,122.04,63342900
2021-05-19,120.39,122.11,120.1,121.89,92612000
2021-05-20,122.41,124.85,122.29,124.45,76857100
2021-05-21,124.95,125.12,122.39,122.61,79295400
2021-05-24,123.18,125.06,123.11,124.24,63092900
2021-05-25,124.95,125.43,123.48,124.05,72009500
2021-05-26,124.1,124.52,123.58,124.0,56575900
2021-05-27,123.6,124.77,122.27,122.46,94625600
2021-05-28,122.75,122.97,121.75,121.81,71311100
2021-06-01,122.27,122.53,121.15,121.48,67637100
2021-06-02,121.48,122.42,121.26,122.25,59278900
2021-06-03,121.88,122.04,120.36,120.76,76229200
2021-06-04,121.28,123.32,121.06,123.06,75169300
2021-06-07,123.33,123.48,122.02,123.07,71057600
2021-06-08,123.75,125.57,123.37,123.89,74403800
2021-06-09,124.35,124.88,123.67,124.27,56877900
2021-06-10,124.16,125.31,123.11,123.27,71186400
2021-06-11,123.68,124.57,123.26,124.49,53522400
2021-06-14,124.95,127.6,124.21,127.55,96906500
2021-06-15,127.02,127.66,126.48,126.72,62746300
2021-06-16,127.44,127.95,125.57,127.22,91815000
2021-06-17,126.88,129.57,126.73,128.83,96721700
2021-06-18,127.77,128.55,127.31,127.53,108953300
2021-06-21,127.37,129.43,126.3,129.32,79663300
2021-06-22,129.16,131.06,128.66,130.97,74783600
2021-06-23,130.76,131.3,130.23,130.69,60214200
2021-06-24,131.43,131.61,129.94,130.41,68711000
2021-06-25,130.46,130.88,129.82,130.12,70783700
2021-06-28,130.41,132.21,130.35,131.75,62111300
2021-06-29,131.77,133.42,131.33,133.26,64556100
2021-06-30,133.11,134.32,132.81,133.88,63261400
2021-07-01,133.53,134.24,132.71,134.18,52485800
2021-07-02,134.8,136.85,134.65,136.81,78852600
2021-07-06,136.92,139.93,136.92,138.83,108181800
2021-07-07,140.31,141.63,139.45,141.32,104911600
2021-07-08,138.4,140.82,137.51,140.02,105575500
2021-07-09,139.54,142.37,139.44,141.85,99890800
2021-07-12,142.92,143.03,140.76,141.25,76299700
2021-07-13,140.79,144.14,140.4,142.36,100827100
2021-07-14,144.77,146.21,144.36,145.8,127050800
2021-07-15,145.88,146.63,143.78,145.14,106820300
2021-07-16,145.12,146.39,142.6,143.1,93251400
2021-07-19,140.52,140.83,138.48,139.25,121434600
2021-07-20,140.23,143.79,139.74,142.86,96350000
2021-07-21,142.26,142.84,141.38,142.13,74993500
2021-07-22,142.66,144.87,142.53,143.5,77338200
2021-07-23,144.23,145.38,143.62,145.22,71447400
2021-07-26,144.94,146.46,144.38,145.64,72434100
2021-07-27,145.77,145.85,142.28,143.47,104818600
2021-07-28,141.55,143.66,139.33,141.72,118931200
2021-07-29,141.44,143.25,141.33,142.36,56699500
2021-07-30,141.13,143.04,140.87,142.58,70440600
2021-08-02,143.07,143.64,141.98,142.25,62880000
2021-08-03,142.53,144.71,141.91,144.05,64786600
2021-08-04,143.96,144.47,142.99,143.65,56368300
2021-08-05,143.67,144.52,142.88,143.75,46397700
2021-08-06,143.27,144.02,142.57,143.07,54126800
2021-08-09,143.13,143.62,142.46,143.02,48908700
2021-08-10,143.36,144.6,142.24,142.54,69023100
2021-08-11,142.98,143.64,142.47,142.79,48493500
2021-08-12,143.12,145.92,142.77,145.76,72282600
2021-08-13,145.84,146.3,145.15,145.97,59375000
2021-08-16,145.42,148.01,143.39,147.94,103296000
2021-08-17,147.07,148.49,145.96,147.03,92229700
2021-08-18,146.65,147.55,143.08,143.28,86326000
2021-08-19,141.98,144.89,141.46,143.62,86960300
2021-08-20,144.34,145.38,143.69,145.07,60549600
2021-08-23,145.19,147.03,144.78,146.56,60131800
2021-08-24,146.31,147.69,146.01,146.47,48606400
2021-08-25,146.66,147.16,144.69,145.24,58991300
2021-08-26,145.23,145.98,144.41,144.44,48597200
2021-08-27,144.38,145.62,143.74,145.48,55802400
2021-08-30,145.87,150.26,145.49,149.9,90956700
2021-08-31,149.45,149.59,148.11,148.64,86453100
2021-09-01,149.62,151.72,149.14,149.3,80313700
2021-09-02,150.63,151.47,149.2,150.42,71115500
2021-09-03,150.53,151.38,149.87,151.06,57808700
2021-09-07,151.71,153.95,151.14,153.4,82278300
2021-09-08,153.68,153.74,150.74,151.85,74420200
2021-09-09,152.22,152.83,150.71,150.83,57305700
2021-09-10,151.74,152.21,145.57,145.84,140893200
2021-09-13,147.46,148.24,145.62,146.41,102404300
2021-09-14,147.19,147.89,143.82,145.01,109296300
2021-09-15,145.44,146.3,143.29,145.9,83281300
2021-09-16,145.32,145.84,144.12,145.66,68034100
2021-09-17,145.69,145.69,142.7,142.99,129868800
2021-09-20,140.78,141.79,138.3,139.93,123478900
2021-09-21,140.9,141.56,139.78,140.41,75834000
2021-09-22,141.41,143.35,140.68,142.78,76404300
2021-09-23,143.57,143.99,142.58,143.74,64838200
2021-09-24,142.6,144.37,142.5,143.83,53477900
2021-09-27,142.41,142.89,140.8,142.31,74150700
2021-09-28,140.24,141.71,138.71,138.93,108972300
2021-09-29,139.47,141.41,139.04,139.83,74602000
2021-09-30,140.64,141.34,138.31,138.52,89056700
2021-10-01,138.92,139.91,136.19,139.65,94639600
2021-10-04,138.78,139.22,135.36,136.21,98322000
2021-10-05,136.56,139.25,136.43,138.14,80861100
2021-10-06,136.54,139.16,135.46,139.01,83221100
2021-10-07,140.05,141.19,139.72,140.28,61732700
2021-10-08,141.0,141.15,139.56,139.9,58773200
2021-10-11,139.28,141.77,138.83,139.81,64452200
2021-10-12,140.22,140.24,138.07,138.53,73035900
2021-10-13,138.27,138.43,136.27,137.95,78762700
2021-10-14,139.12,140.85,138.53,140.74,69907100
2021-10-15,140.75,141.85,140.49,141.79,67940300
2021-10-18,140.43,143.75,140.15,143.47,85589200
2021-10-19,143.92,146.03,143.47,145.63,76378900
2021-10-20,145.57,146.6,145.01,146.12,58418800
2021-10-21,145.68,146.49,144.76,146.34,61421000
2021-10-22,146.54,147.02,145.51,145.56,58883400
2021-10-25,145.55,146.23,144.52,145.51,50720600
2021-10-26,146.19,147.67,145.88,146.18,60893400
2021-10-27,146.22,146.58,145.37,145.72,56094900
2021-10-28,146.67,149.95,146.57,149.36,100077900
2021-10-29,144.12,146.79,143.33,146.65,124953200
2021-11-01,145.86,146.55,144.69,145.83,74588300
2021-11-02,145.53,148.38,145.52,146.87,69122000
2021-11-03,147.23,148.77,146.67,148.3,54511500
2021-11-04,148.39,149.23,147.47,147.79,60394600
2021-11-05,148.91,149.22,147.12,148.32,65463900
2021-11-08,148.44,148.6,147.22,147.49,55020900
2021-11-09,147.26,148.46,147.12,147.85,56787900
2021-11-10,147.08,147.19,144.95,145.02,65187100
2021-11-11,146.04,146.5,144.79,144.97,41000000
2021-11-12,145.52,147.45,144.59,147.05,63804000
2021-11-15,147.42,148.9,146.5,147.06,59222800
2021-11-16,147.0,148.52,146.41,148.04,59256200
2021-11-17,148.04,151.96,148.03,150.48,88807000
2021-11-18,150.7,155.56,150.05,154.78,137827700
2021-11-19,154.56,157.86,153.46,157.4,117305600
2021-11-22,158.51,162.45,157.84,157.86,117467900
2021-11-23,157.96,158.63,155.94,158.25,96041900
2021-11-24,157.6,158.96,156.51,158.77,69463600
2021-11-26,156.44,157.31,153.3,153.74,76959800
2021-11-29,156.25,158.03,155.68,157.1,88748200
2021-11-30,156.85,162.28,156.79,162.06,174048100
2021-12-01,164.2,166.96,161.31,161.54,152052500
2021-12-02,155.63,160.98,154.71,160.55,136739200
2021-12-03,160.81,161.73,156.59,158.67,118023100
2021-12-06,161.07,164.59,161.06,162.08,107497000
2021-12-07,165.77,168.22,165.04,167.83,120405400
2021-12-08,168.76,172.51,167.35,171.65,116998900
2021-12-09,171.48,173.29,170.51,171.14,108923700
2021-12-10,171.78,176.11,171.27,175.93,115402700
2021-12-13,177.57,178.56,172.09,172.3,153237000
2021-12-14,171.82,174.26,168.84,170.91,139380400
2021-12-15,171.68,175.98,168.93,175.79,131063300
2021-12-16,175.77,177.59,167.4,168.88,150185800
2021-12-17,166.6,170.07,166.36,167.79,195432700
2021-12-20,164.98,167.24,164.18,166.42,107499100
2021-12-21,168.2,169.81,165.81,169.6,91185900
2021-12-22,169.65,172.41,168.78,172.2,92135300
2021-12-23,172.4,173.38,171.84,172.83,68356600
2021-12-27,173.62,176.88,173.6,176.8,74919600
2021-12-28,176.63,177.78,175.03,175.78,79144300
2021-12-29,175.82,177.09,174.65,175.86,62348900
2021-12-30,175.95,177.03,174.6,174.71,59773000
2021-12-31,174.6,175.72,173.79,174.09,64062300
2022-01-03,174.35,179.3,174.23,178.44,104487900
2022-01-04,179.05,179.35,175.61,176.18,99310400
2022-01-05,176.09,176.64,171.22,171.49,94537600
2022-01-06,169.32,171.86,168.28,168.63,96904000
2022-01-07,169.5,170.73,167.68,168.8,86709100
2022-01-10,165.77,169.12,164.87,168.82,106765600
2022-01-11,168.94,171.75,167.47,171.65,76138300
2022-01-12,172.67,173.71,171.39,172.09,74805200
2022-01-13,172.34,173.16,168.42,168.82,84505800
2022-01-14,167.98,170.37,167.74,169.68,80440800
2022-01-18,168.15,169.16,166.09,166.47,90956700
2022-01-19,166.67,167.73,162.69,162.97,94815000
2022-01-20,163.71,166.35,160.96,161.29,91420500
2022-01-21,161.2,163.07,159.12,159.23,122848900
2022-01-24,156.88,159.12,151.67,158.45,162294600
2022-01-25,155.86,159.57,153.94,156.65,115798400
2022-01-26,160.3,161.17,154.73,156.56,108275300
2022-01-27,159.27,160.63,155.18,156.1,121954600
2022-01-28,162.46,167.01,159.61,166.99,179935700
2022-01-31,166.83,171.57,166.19,171.35,115541600
2022-02-01,170.6,171.41,168.93,171.19,86213900
2022-02-02,171.33,172.43,169.93,172.39,84914300
2022-02-03,171.06,172.79,168.75,169.51,89418100
2022-02-04,168.53,170.91,167.55,169.23,82465400
2022-02-07,169.69,170.76,167.81,168.51,77251200
2022-02-08,168.58,172.13,168.28,171.62,74829200
2022-02-09,172.82,173.41,171.69,173.05,71285000
2022-02-10,170.94,172.26,168.4,168.96,90865900
2022-02-11,169.17,169.9,164.96,165.55,98670700
2022-02-14,164.3,166.47,163.5,165.78,86185500
2022-02-15,167.83,169.78,167.13,169.62,62527400
2022-02-16,168.7,170.16,166.93,169.38,61177400
2022-02-17,167.89,168.76,165.38,165.78,69589300
2022-02-18,166.7,167.41,163.14,164.23,82772700
2022-02-22,161.95,163.63,159.17,161.31,91162800
2022-02-23,162.5,163.1,156.82,157.13,90009200
2022-02-24,149.78,159.86,149.21,159.75,141147500
2022-02-25,160.83,162.09,157.92,161.83,91974200
2022-02-28,160.07,162.38,159.45,162.09,95056600
2022-03-01,161.68,163.54,159.0,160.21,83474400
2022-03-02,161.37,164.29,159.96,163.5,79724800
2022-03-03,165.38,165.81,162.51,163.18,76678400
2022-03-04,161.47,162.51,159.13,160.18,83737200
2022-03-07,160.36,161.99,156.12,156.38,96418800
2022-03-08,155.91,159.89,152.94,154.55,131148300
2022-03-09,158.52,160.41,156.49,159.96,91454900
2022-03-10,157.26,157.45,153.12,155.61,105342000
2022-03-11,156.01,156.36,151.67,151.89,96970100
2022-03-14,148.67,151.29,147.35,147.86,108732100
2022-03-15,148.13,152.72,147.62,152.24,92964300
2022-03-16,154.17,157.06,151.63,156.66,102300200
2022-03-17,155.7,158.05,154.74,157.67,75615400
2022-03-18,157.56,161.46,156.83,160.97,123511700
2022-03-21,160.51,163.3,160.02,162.35,95811400
2022-03-22,162.47,166.31,161.88,165.72,81532000
2022-03-23,164.91,169.47,164.57,167.09,98062700
2022-03-24,167.92,170.94,167.09,170.88,90131400
2022-03-25,170.69,172.06,169.58,171.51,80546200
2022-03-28,169.01,172.51,168.84,172.38,90371900
2022-03-29,173.45,175.73,173.1,175.68,100589400
2022-03-30,175.27,176.31,173.46,174.51,92633200
2022-03-31,174.58,174.76,171.2,171.41,103049300
2022-04-01,170.84,171.67,168.79,171.11,78751300
2022-04-04,171.37,175.22,171.24,175.17,76468400
2022-04-05,174.24,175.03,171.22,171.85,73401800
2022-04-06,169.2,170.44,167.01,168.68,89058800
2022-04-07,168.02,170.18,166.73,168.98,77594700
2022-04-08,168.63,168.63,166.1,166.97,76575500
2022-04-11,165.61,165.93,162.46,162.71,72246700
2022-04-12,164.94,166.75,163.58,164.58,79265200
2022-04-13,164.32,167.9,163.71,167.27,70618900
2022-04-14,167.49,168.13,162.01,162.26,75329400
2022-04-18,160.91,163.54,160.57,162.04,69023900
2022-04-19,161.99,164.74,160.9,164.33,67723800
2022-04-20,165.66,165.78,163.05,164.16,67929800
2022-04-21,165.81,168.38,162.87,163.37,87227800
2022-04-22,163.41,164.79,158.54,158.82,84882400
2022-04-25,158.16,160.18,155.55,159.89,96046400
2022-04-26,159.27,159.36,153.84,153.92,95623200
2022-04-27,153.05,156.86,152.53,153.7,88063200
2022-04-28,156.33,161.5,156.01,160.64,130216800
2022-04-29,158.87,163.15,154.36,154.76,131747600
2022-05-02,153.83,155.33,150.46,155.06,123055300
2022-05-03,155.25,157.76,153.45,156.55,88966500
2022-05-04,156.74,163.43,156.34,162.97,108256500
2022-05-05,160.84,161.07,152.11,153.89,130525300
2022-05-06,153.37,156.74,151.57,154.62,116124600
2022-05-09,152.31,153.2,148.93,149.49,131577900
2022-05-10,152.89,154.09,150.34,151.9,115366700
2022-05-11,150.9,152.82,143.34,144.02,142689800
2022-05-12,140.36,143.73,136.45,140.15,182602000
2022-05-13,142.15,145.6,140.69,144.62,113990900
2022-05-16,143.09,145.03,141.74,143.08,86643800
2022-05-17,146.34,147.24,144.2,146.72,78336300
2022-05-18,144.37,144.87,137.53,138.44,109742900
2022-05-19,137.52,139.27,134.29,135.03,136095600
2022-05-20,136.74,138.32,130.37,135.26,137426100
2022-05-23,135.46,140.84,135.32,140.69,117726300
2022-05-24,138.43,139.57,135.01,137.99,104132700
2022-05-25,136.09,139.39,136.0,138.14,92482700
2022-05-26,135.07,141.9,134.82,141.35,90601500
2022-05-27,142.93,147.15,142.8,147.11,90978500
2022-05-31,146.55,148.11,144.36,146.32,103718400
2022-06-01,147.37,149.17,145.18,146.2,74286600
2022-06-02,145.33,148.71,144.38,148.65,72348100
2022-06-03,144.42,145.47,142.02,142.92,88570300
2022-06-06,144.54,146.06,142.45,143.67,71598400
2022-06-07,141.91,146.48,141.66,146.2,67808200
2022-06-08,146.07,147.34,144.97,145.46,53950200
2022-06-09,144.59,145.45,140.12,140.23,69473000
2022-06-10,137.91,138.38,134.74,134.81,91437900
2022-06-13,130.62,132.91,129.22,129.65,122207100
2022-06-14,130.88,131.63,129.26,130.52,84784300
2022-06-15,132.02,135.02,129.93,133.14,91533000
2022-06-16,129.85,130.15,126.86,127.86,108123900
2022-06-17,127.87,130.83,127.62,129.34,134520300
2022-06-21,131.16,134.74,131.07,133.57,81000500
2022-06-22,132.51,135.43,131.65,133.06,73409200
2022-06-23,134.51,136.25,133.34,135.93,72433800
2022-06-24,137.53,139.51,137.41,139.27,89116800
2022-06-27,140.29,141.06,138.59,139.27,70207900
2022-06-28,139.73,141.0,135.0,135.12,67083400
2022-06-29,135.14,138.29,134.36,136.88,66242400
2022-06-30,134.93,136.03,131.51,134.41,98964500
2022-07-01,133.74,136.69,133.37,136.58,71051600
2022-07-05,135.44,139.22,134.62,139.17,73353800
2022-07-06,138.96,141.68,138.69,140.5,74064300
2022-07-07,140.87,144.07,140.86,143.88,66253700
2022-07-08,142.8,145.06,142.55,144.55,64547800
2022-07-11,143.21,144.16,141.35,142.42,63141600
2022-07-12,143.3,145.94,142.6,143.39,77588800
2022-07-13,140.57,143.97,139.72,143.03,71185600
2022-07-14,141.64,146.43,140.83,145.96,78140700
2022-07-15,147.25,148.31,145.69,147.63,76259900
2022-07-18,148.19,149.01,144.22,144.58,81420900
2022-07-19,145.42,148.67,144.43,148.45,82982400
2022-07-20,148.57,151.12,147.83,150.45,64823400
2022-07-21,151.89,152.94,149.37,152.72,65086600
2022-07-22,152.76,153.64,150.82,151.49,66675400
2022-07-25,151.41,152.42,149.71,150.36,53623900
2022-07-26,149.69,150.5,148.25,149.04,55138700
2022-07-27,150.0,154.67,149.59,154.14,78620700
2022-07-28,154.33,154.97,151.8,154.69,81378700
2022-07-29,158.51,160.86,156.8,159.76,101786900
2022-08-01,158.29,160.82,158.17,158.78,67829400
2022-08-02,157.39,159.66,156.93,157.3,59907000
2022-08-03,158.12,163.77,158.03,163.32,82507500
2022-08-04,163.2,164.36,161.65,163.01,55474100
2022-08-05,160.67,163.27,160.47,162.78,56697000
2022-08-08,163.78,165.2,161.65,162.31,60276900
2022-08-09,161.47,163.24,160.71,162.36,63135500
2022-08-10,165.07,166.71,164.31,166.61,70170500
2022-08-11,167.42,168.33,165.58,165.87,57149200
2022-08-12,167.18,169.49,166.77,169.43,68039400
2022-08-15,168.85,170.7,168.69,170.5,54091700
2022-08-16,170.09,171.01,168.99,170.34,56377100
2022-08-17,170.09,173.41,169.89,171.84,79542000
2022-08-18,171.05,172.18,170.43,171.44,62290100
2022-08-19,170.34,171.04,168.65,168.85,70346300
2022-08-22,167.05,167.22,164.54,164.97,69026800
2022-08-23,164.48,166.09,164.06,164.63,54147100
2022-08-24,164.72,165.5,163.67,164.93,53841500
2022-08-25,166.16,167.5,165.73,167.39,51218200
2022-08-26,167.92,168.39,161.02,161.08,78961000
2022-08-29,158.65,160.37,157.34,158.87,73314000
2022-08-30,159.61,160.03,155.27,156.44,77906200
2022-08-31,157.82,158.08,154.7,154.78,87991100
2022-09-01,154.21,155.96,152.27,155.51,74229900
2022-09-02,157.27,157.87,152.56,153.39,76957800
2022-09-06,154.04,154.65,151.3,152.13,73714800
2022-09-07,152.41,154.24,151.22,153.54,87449600
2022-09-08,152.24,153.93,150.31,152.06,84923800
2022-09-09,153.05,155.37,152.35,154.92,68028800
2022-09-12,157.11,161.71,156.82,160.89,104956000
2022-09-13,157.42,158.05,150.99,151.45,122656600
2022-09-14,152.38,154.66,151.22,152.9,87965400
2022-09-15,152.25,152.83,149.03,150.0,90481100
2022-09-16,148.86,149.0,146.06,148.36,162278800
2022-09-19,146.99,152.16,146.78,152.08,81474200
2022-09-20,151.02,155.62,150.7,154.46,107689800
2022-09-21,154.89,156.27,151.21,151.33,101696800
2022-09-22,150.01,152.07,148.56,150.37,86652500
2022-09-23,148.84,149.12,146.25,148.09,96029900
2022-09-26,147.33,151.38,147.31,148.43,93339400
2022-09-27,150.37,152.32,147.62,149.4,84442700
2022-09-28,145.35,148.3,142.59,147.51,146691400
2022-09-29,143.83,144.44,138.49,140.27,128138200
2022-09-30,139.08,140.88,135.86,136.05,124925300
2022-10-03,136.06,140.85,135.55,140.24,114311700
2022-10-04,142.78,143.95,142.02,143.83,87830100
2022-10-05,141.83,145.09,140.79,144.12,79471000
2022-10-06,143.54,145.25,142.96,143.17,68402200
2022-10-07,140.32,140.88,137.28,137.91,85925600
2022-10-10,138.24,139.69,136.42,138.24,74899000
2022-10-11,137.73,139.15,136.07,136.82,77033700
2022-10-12,136.97,138.18,136.01,136.19,70433700
2022-10-13,132.89,141.36,132.28,140.77,113224000
2022-10-14,142.07,142.27,136.04,136.23,88598000
2022-10-17,138.88,140.68,138.09,140.2,85250900
2022-10-18,143.23,144.42,138.42,141.52,99136600
2022-10-19,139.49,142.7,139.3,141.62,61758300
2022-10-20,140.8,143.62,140.43,141.16,64522000
2022-10-21,140.65,145.55,140.43,144.98,86548600
2022-10-24,144.9,147.9,143.73,147.13,75981900
2022-10-25,147.76,150.12,147.04,149.97,74732300
2022-10-26,148.61,149.63,145.74,147.03,88194300
2022-10-27,145.77,146.73,141.89,142.55,109180200
2022-10-28,145.9,155.05,145.52,153.32,164762400
2022-10-31,150.78,151.84,149.56,150.96,97943200
2022-11-01,152.67,153.03,146.81,148.31,80379300
2022-11-02,146.64,149.81,142.75,142.78,93604600
2022-11-03,139.85,140.58,136.59,136.72,97918500
2022-11-04,140.11,140.69,132.51,136.46,140814800
2022-11-07,135.2,137.21,133.78,136.99,83374600
2022-11-08,138.46,139.46,135.58,137.56,89908500
2022-11-09,136.57,136.62,132.72,132.99,74917800
2022-11-10,139.28,144.83,137.56,144.83,118854000
2022-11-11,143.79,147.92,142.36,147.62,93979700
2022-11-14,146.9,148.19,145.38,146.22,73374100
2022-11-15,150.1,151.45,146.49,147.95,89868300
2022-11-16,147.06,147.79,145.24,146.72,64218300
2022-11-17,144.39,149.37,144.12,148.62,80389400
2022-11-18,150.19,150.58,147.88,149.19,74829600
2022-11-21,148.07,148.28,145.67,145.95,58724100
2022-11-22,146.07,148.33,144.89,148.09,51804100
2022-11-23,147.37,149.72,147.26,148.97,58301400
2022-11-25,146.25,146.81,145.07,146.05,35195900
2022-11-28,143.12,144.6,141.39,142.21,69246000
2022-11-29,142.28,142.8,138.4,139.21,83763800
2022-11-30,139.43,146.65,138.6,145.97,111380900
2022-12-01,146.15,147.06,144.57,146.25,71250400
2022-12-02,143.93,145.94,143.62,145.75,65447400
2022-12-05,145.71,148.82,143.74,144.59,68826400
2022-12-06,145.02,145.25,139.95,140.92,64727200
2022-12-07,140.21,141.38,138.05,138.98,69721100
2022-12-08,140.38,141.52,139.14,140.67,62128300
2022-12-09,140.36,143.55,138.94,140.18,76097000
2022-12-12,140.72,142.49,139.1,142.48,70462700
2022-12-13,147.42,147.88,142.23,143.45,93886200
2022-12-14,143.33,144.62,139.2,141.22,82291200
2022-12-15,139.15,139.83,134.14,134.6,98931900
2022-12-16,134.79,135.74,131.87,132.64,160156900
2022-12-19,133.23,133.32,129.49,130.53,79592600
2022-12-20,129.56,131.4,128.08,130.46,77432800
2022-12-21,131.13,134.91,130.9,133.57,85928000
2022-12-22,132.48,132.69,128.49,130.39,77852100
2022-12-23,129.1,130.58,127.84,130.03,63814900
2022-12-27,129.55,129.58,126.93,128.22,69007800
2022-12-28,127.87,129.21,124.12,124.29,85438400
2022-12-29,126.21,128.67,125.95,127.81,75703700
2022-12-30,126.62,128.14,125.66,128.12,77034200
2023-01-03,128.47,129.08,122.44,123.33,112117500
2023-01-04,125.13,126.87,123.34,124.6,89113600
2023-01-05,125.36,125.99,123.02,123.28,80962700
2023-01-06,124.26,128.48,123.15,127.82,87754700
2023-01-09,128.66,131.55,128.08,128.34,70790800
2023-01-10,128.45,129.43,126.34,128.91,63896200
2023-01-11,129.42,131.65,128.65,131.63,69458900
2023-01-12,132.02,132.39,129.61,131.55,71379600
2023-01-13,130.19,133.04,129.83,132.89,57809700
2023-01-17,132.95,135.38,132.26,134.05,63646600
2023-01-18,134.92,136.68,133.15,133.33,69672800
2023-01-19,132.22,134.36,131.91,133.39,58280400
2023-01-20,133.4,136.1,132.35,135.95,80223600
2023-01-23,136.2,141.33,135.98,139.15,81760300
2023-01-24,138.36,141.17,138.35,140.55,66435100
2023-01-25,138.93,140.45,136.88,139.89,65799300
2023-01-26,141.18,142.24,139.93,141.96,54105100
2023-01-27,141.17,145.18,141.09,143.9,70555800
2023-01-30,142.94,143.53,140.86,141.01,64015300
2023-01-31,140.72,142.33,140.3,142.28,65874500
2023-02-01,141.97,144.57,139.35,143.41,77663600
2023-02-02,146.83,149.08,146.11,148.72,118339000
2023-02-03,145.97,155.19,145.77,152.35,154357300
2023-02-06,150.45,150.97,148.68,149.62,69858300
2023-02-07,148.55,153.07,148.55,152.5,83322600
2023-02-08,151.74,152.43,149.07,149.81,64120100
2023-02-09,151.64,152.18,148.33,148.77,56007100
2023-02-10,147.61,149.46,147.37,149.14,57450700
2023-02-13,149.08,152.35,149.05,151.94,62199000
2023-02-14,150.23,151.86,148.99,151.3,61707600
2023-02-15,151.21,153.57,150.98,153.4,65573800
2023-02-16,151.61,154.39,151.45,151.8,68167900
2023-02-17,150.46,151.1,148.98,150.66,59144100
2023-02-21,148.34,149.42,146.57,146.64,58867200
2023-02-22,147.02,148.09,145.33,147.06,51011300
2023-02-23,148.23,148.48,145.41,147.55,48394200
2023-02-24,145.29,145.36,143.91,144.89,55469600
2023-02-27,145.88,147.32,145.62,146.09,44998500
2023-02-28,145.23,147.23,145.01,145.58,50547000
2023-03-01,145.01,145.4,143.21,143.51,55479000
2023-03-02,142.59,144.89,142.12,144.1,52238100
2023-03-03,146.2,149.24,145.5,149.16,70732300
2023-03-06,151.88,154.36,151.56,151.92,87558000
2023-03-07,151.79,152.12,149.26,149.72,56182000
2023-03-08,150.91,151.57,149.95,150.97,47204800
2023-03-09,151.66,152.62,148.37,148.72,53833600
2023-03-10,148.35,149.07,145.78,146.66,68572400
2023-03-13,145.98,151.24,145.87,148.6,84457100
2023-03-14,149.4,151.5,148.24,150.7,73695900
2023-03-15,149.32,151.35,148.06,151.09,77167900
2023-03-16,150.27,154.52,149.76,153.92,76161100
2023-03-17,154.14,154.8,152.37,153.08,98944600
2023-03-20,153.15,155.86,152.24,155.45,73641400
2023-03-21,155.37,157.42,154.6,157.3,73938300
2023-03-22,157.32,160.13,155.85,155.87,75701800
2023-03-23,156.86,159.55,155.72,156.96,67622100
2023-03-24,156.89,158.35,155.89,158.26,59196500
2023-03-27,157.96,158.78,155.91,156.32,52390300
2023-03-28,156.01,156.52,154.05,155.69,45992200
2023-03-29,157.39,159.05,157.37,158.78,51305700
2023-03-30,159.53,160.46,159.27,160.35,49501700
2023-03-31,160.43,162.95,159.9,162.85,68749800
2023-04-03,162.23,164.23,162.18,164.11,56976200
2023-04-04,164.53,164.77,163.06,163.58,46278300
2023-04-05,162.7,163.0,159.79,161.73,51511700
2023-04-06,160.42,162.91,159.99,162.62,45390100
2023-04-10,159.42,160.02,158.09,160.02,47716900
2023-04-11,160.34,160.35,158.52,158.81,47644200
2023-04-12,159.22,160.05,157.8,158.11,50133100
2023-04-13,159.63,163.74,159.42,163.51,68445600
2023-04-14,162.55,164.26,161.79,163.16,49386500
2023-04-17,163.04,163.34,162.0,163.18,41516200
2023-04-18,164.04,165.33,163.6,164.41,49923000
2023-04-19,163.74,166.07,163.49,165.55,47720200
2023-04-20,164.03,165.79,163.51,164.58,52456400
2023-04-21,163.0,164.39,162.45,162.97,58337300
2023-04-24,162.95,163.55,161.86,163.28,41949600
2023-04-25,163.14,164.25,161.7,161.74,48714100
2023-04-26,161.04,163.23,160.78,161.73,45498800
2023-04-27,163.14,166.47,163.14,166.32,64902300
2023-04-28,166.4,167.74,165.8,167.58,55275900
2023-05-01,167.18,168.34,166.55,167.49,52472900
2023-05-02,167.98,168.24,165.46,166.45,48425700
2023-05-03,167.4,168.8,165.09,165.37,65136000
2023-05-04,162.85,164.97,162.27,163.73,81235400
2023-05-05,168.86,172.14,168.64,171.42,113453200
2023-05-08,170.34,171.69,169.98,171.35,55962800
2023-05-09,170.9,171.39,169.47,169.64,45326900
2023-05-10,170.87,171.87,169.77,171.41,53724500
2023-05-11,171.69,172.42,170.03,171.6,49514700
2023-05-12,171.7,172.14,169.11,170.67,45533100
2023-05-15,171.25,171.3,169.58,170.17,37266700
2023-05-16,170.09,171.23,169.9,170.17,42110300
2023-05-17,169.82,171.02,168.54,170.78,57951600
2023-05-18,171.09,173.31,170.68,173.12,65496700
2023-05-19,174.44,174.44,173.01,173.23,55809500
2023-05-22,172.06,172.78,171.54,172.28,43570900
2023-05-23,171.22,171.47,169.39,169.67,50747300
2023-05-24,169.2,170.52,168.64,169.94,45143500
2023-05-25,170.51,171.98,169.8,171.08,56058300
2023-05-26,171.41,173.83,171.2,173.49,54835000
2023-05-30,175.01,177.01,174.62,175.34,55964400
2023-05-31,175.37,177.37,174.81,175.29,99625300
2023-06-01,175.74,178.13,174.98,178.1,68901800
2023-06-02,179.03,179.77,177.28,178.95,61996900
2023-06-05,180.61,182.91,176.08,177.6,121946500
2023-06-06,177.98,178.13,175.47,177.23,64848400
2023-06-07,176.47,179.21,175.36,175.86,61944600
2023-06-08,175.94,178.84,175.5,178.58,50214900
2023-06-09,179.5,180.22,178.64,178.96,48900000
2023-06-12,179.27,181.86,178.97,181.76,54274900
2023-06-13,180.78,182.12,180.43,181.29,54929100
2023-06-14,181.35,182.36,180.01,181.92,57462900
2023-06-15,181.93,184.46,181.75,183.96,65433200
2023-06-16,184.67,184.93,182.24,182.88,101256200
2023-06-20,182.37,184.05,182.37,182.97,49799100
2023-06-21,182.86,183.36,180.58,181.93,49515700
2023-06-22,181.71,184.99,181.64,184.94,51245300
2023-06-23,183.5,185.49,182.97,184.62,53117000
2023-06-26,184.77,185.97,183.19,183.23,48088700
2023-06-27,183.84,186.31,183.62,185.98,50730800
2023-06-28,185.86,187.8,185.53,187.16,51216800
2023-06-29,186.99,187.97,186.85,187.5,46347300
2023-06-30,189.52,192.33,189.15,191.83,85213200
2023-07-03,191.64,191.74,189.64,190.34,31458200
2023-07-05,189.46,190.85,188.52,189.22,46920300
2023-07-06,187.75,189.9,187.11,189.69,45094300
2023-07-07,189.3,190.54,188.14,188.58,46815000
2023-07-10,187.17,187.89,184.98,186.53,59922200
2023-07-11,187.07,187.21,184.54,186.0,46638100
2023-07-12,187.59,189.58,186.39,187.68,60750200
2023-07-13,188.4,189.08,187.69,188.44,41342300
2023-07-14,188.13,189.07,187.54,188.59,41616200
2023-07-17,189.78,192.18,189.69,191.85,50520200
2023-07-18,191.22,192.19,190.3,191.59,48288200
2023-07-19,190.97,196.04,190.52,192.95,80507300
2023-07-20,192.94,194.3,190.38,191.0,59581200
2023-07-21,191.96,192.82,189.12,189.82,71951700
2023-07-24,191.28,192.76,190.13,190.62,45377800
2023-07-25,191.2,192.29,190.79,191.48,37283200
2023-07-26,191.53,193.48,191.19,192.35,47471900
2023-07-27,193.86,195.02,190.43,191.09,47460200
2023-07-28,192.52,194.46,192.0,193.67,48291400
2023-07-31,193.9,194.32,193.11,194.28,38824100
2023-08-01,194.07,194.56,193.13,193.45,35175100
2023-08-02,192.89,193.03,189.73,190.45,50389300
2023-08-03,189.46,190.25,188.59,189.06,61235200
2023-08-04,183.47,185.31,179.91,179.98,115956800
2023-08-07,180.12,181.11,175.39,176.88,97576100
2023-08-08,177.71,178.28,175.62,177.82,67823000
2023-08-09,178.87,178.93,175.06,176.22,60378500
2023-08-10,177.5,178.76,175.64,176.01,54686900
2023-08-11,175.6,176.89,174.84,176.07,52036700
2023-08-14,176.24,177.95,175.59,177.72,43675600
2023-08-15,177.14,177.74,175.33,175.73,43622600
2023-08-16,175.41,176.81,174.79,174.86,46964900
2023-08-17,175.42,175.79,171.8,172.31,66062900
2023-08-18,170.63,173.4,170.29,172.8,61172200
2023-08-21,173.37,174.42,172.05,174.13,46311900
2023-08-22,175.34,175.96,174.54,175.51,42038900
2023-08-23,176.79,179.79,176.6,179.36,52722800
2023-08-24,178.92,179.34,174.3,174.67,54945800
2023-08-25,175.66,177.41,174.11,176.88,51449600
2023-08-28,178.34,178.84,176.82,178.44,43820700
2023-08-29,177.96,183.11,177.76,182.33,53003900
2023-08-30,183.15,186.03,182.95,185.83,60813900
2023-08-31,186.02,187.29,185.66,186.05,60794500
2023-09-01,187.65,188.08,186.45,187.62,45766500
2023-09-05,186.45,188.14,185.79,187.86,45280000
2023-09-06,186.57,187.02,179.71,181.14,81755800
2023-09-07,173.48,176.48,171.86,175.84,112488800
2023-09-08,176.62,178.49,176.07,176.45,65551300
2023-09-11,178.32,178.55,175.62,177.62,58953100
2023-09-12,177.75,178.38,173.12,174.59,90370200
2023-09-13,174.8,175.58,172.29,172.52,84267900
2023-09-14,172.31,174.39,171.9,174.04,60895800
2023-09-15,174.77,174.79,172.13,173.31,109259500
2023-09-18,174.77,177.64,174.46,176.24,67257600
2023-09-19,175.8,177.89,175.41,177.33,51826900
2023-09-20,177.52,177.96,173.7,173.79,58436200
2023-09-21,172.86,174.59,172.17,172.24,63149100
2023-09-22,172.98,175.36,172.36,173.09,56725400
2023-09-25,172.51,175.25,172.46,174.37,46172700
2023-09-26,173.12,173.5,169.99,170.29,64588900
2023-09-27,170.95,171.36,167.41,168.78,66921800
2023-09-28,167.7,170.36,165.99,169.03,56294400
2023-09-29,170.35,171.39,168.69,169.55,51861100
2023-10-02,169.56,172.61,169.27,172.06,52164500
2023-10-03,170.59,171.95,169.16,170.73,49594600
2023-10-04,169.43,172.52,169.31,171.98,53020300
2023-10-05,172.1,173.75,171.01,173.21,48527900
2023-10-06,172.11,176.26,171.5,175.77,57266700
2023-10-09,175.09,177.31,174.09,177.25,42390800
2023-10-10,176.37,177.98,176.22,176.66,43698000
2023-10-11,176.47,178.11,175.88,178.06,47551100
2023-10-12,178.32,180.57,177.3,178.96,56743100
2023-10-13,179.66,180.17,176.41,177.12,51427100
2023-10-16,175.04,177.34,174.8,176.99,52517000
2023-10-17,174.94,176.69,173.1,175.43,57549400
2023-10-18,173.88,175.86,173.41,174.13,54764400
2023-10-19,174.33,176.11,173.49,173.76,59302900
2023-10-20,173.61,173.72,170.97,171.2,64244000
2023-10-23,169.25,172.32,168.28,171.32,55980100
2023-10-24,171.37,171.99,169.79,171.76,43816600
2023-10-25,170.21,171.38,168.99,169.44,57157000
2023-10-26,168.72,169.72,164.06,165.27,70625300
2023-10-27,165.29,167.32,165.21,166.59,58499100
2023-10-30,167.38,169.51,167.23,168.64,51131000
2023-10-31,167.71,169.24,166.27,169.11,44846000
2023-11-01,169.34,172.54,168.47,172.28,56934900
2023-11-02,173.82,176.06,173.76,175.85,77334800
2023-11-03,172.55,175.1,171.67,174.94,79829200
2023-11-06,174.67,177.69,174.5,177.49,63841300
2023-11-07,177.44,180.67,177.23,180.06,70530000
2023-11-08,180.58,181.67,179.83,181.12,49340300
2023-11-09,181.19,182.33,180.05,180.64,53763500
2023-11-10,182.43,185.0,181.99,184.84,66133400
2023-11-13,184.26,184.47,182.66,183.25,43627500
2023-11-14,186.12,186.53,184.74,185.87,60108400
2023-11-15,186.27,187.91,186.2,186.43,53790500
2023-11-16,187.98,189.36,187.07,188.12,54412900
2023-11-17,188.65,188.78,186.99,188.1,50922700
2023-11-20,188.3,190.3,188.29,189.84,46505100
2023-11-21,189.8,189.91,188.15,189.04,38134500
2023-11-22,189.88,191.31,189.23,189.7,39617700
2023-11-24,189.27,189.3,187.66,188.38,24048300
2023-11-27,188.33,189.07,187.31,188.2,40552600
2023-11-28,188.19,189.48,187.81,188.8,38415400
2023-11-29,189.3,190.48,187.38,187.78,43014200
2023-11-30,188.25,188.72,186.61,188.36,48794400
2023-12-01,188.73,189.95,187.64,189.63,45704800
2023-12-04,188.39,188.45,185.88,187.84,43389500
2023-12-05,188.61,192.77,188.58,191.8,66628400
2023-12-06,192.82,193.12,190.5,190.71,41089700
2023-12-07,192.0,193.36,191.96,192.64,47477700
2023-12-08,192.57,194.34,192.04,194.07,53406400
2023-12-11,191.49,191.87,189.81,191.56,60943700
2023-12-12,191.46,193.09,190.11,193.08,52696900
2023-12-13,193.45,196.34,193.21,196.3,70404200
2023-12-14,196.36,197.94,194.51,196.45,66831600
2023-12-15,195.87,196.73,195.35,195.91,128538400
2023-12-18,194.44,194.98,192.76,194.25,55751900
2023-12-19,194.51,195.3,194.25,195.29,40714100
2023-12-20,195.25,196.02,193.19,193.19,52242800
2023-12-21,194.45,195.43,191.88,193.05,46482500
2023-12-22,193.54,193.77,191.35,191.97,37149600
2023-12-26,191.98,192.26,191.21,191.43,28919300
2023-12-27,190.87,191.88,189.49,191.53,48087700
2023-12-28,192.51,193.03,191.55,191.95,34049900
2023-12-29,192.27,192.77,190.12,190.91,42672100
2024-01-02,185.58,186.86,182.35,184.08,82488700
2024-01-03,182.67,184.32,181.89,182.7,58414500
2024-01-04,180.62,181.55,179.36,180.38,71983600
2024-01-05,180.46,181.23,178.66,179.66,62379700
2024-01-08,180.56,184.04,179.98,184.0,59144500
2024-01-09,182.38,183.6,181.2,183.59,42841800
2024-01-10,182.8,184.84,182.38,184.63,46792900
2024-01-11,184.97,185.48,182.08,184.03,49128400
2024-01-12,184.5,185.17,183.64,184.36,40477800
2024-01-16,180.63,182.71,179.41,182.09,65603000
2024-01-17,179.75,181.39,178.79,181.15,47317400
2024-01-18,184.53,187.55,184.27,187.05,78005800
2024-01-19,187.74,190.34,187.23,189.95,68903000
2024-01-22,190.69,193.69,190.65,192.26,60133900
2024-01-23,193.38,194.11,192.2,193.54,42355600
2024-01-24,193.78,194.73,192.71,192.87,53631300
2024-01-25,193.58,194.62,191.49,192.54,54822100
2024-01-26,192.64,193.12,190.33,190.8,44594000
2024-01-29,190.4,190.59,187.99,190.12,47145600
2024-01-30,189.34,190.19,185.9,186.46,55859400
2024-01-31,185.47,185.53,182.8,182.85,55467800
2024-02-01,182.45,185.38,182.28,185.29,64885400
2024-02-02,178.35,185.76,177.75,184.29,102551700
2024-02-05,186.57,187.66,184.28,186.1,69668800
2024-02-06,185.29,187.72,185.2,187.71,43490800
2024-02-07,189.04,189.45,187.03,187.82,53439000
2024-02-08,187.8,187.95,185.78,186.74,40962000
2024-02-09,187.3,188.64,186.66,187.5,45155200
2024-02-12,187.08,187.32,185.46,185.82,41781900
2024-02-13,184.45,184.88,182.2,183.72,56529500
2024-02-14,184.0,184.21,181.14,182.84,54630500
2024-02-15,182.24,183.17,180.06,182.55,65434500
2024-02-16,182.11,183.53,180.37,181.01,49752500
2024-02-20,180.49,181.13,178.72,180.27,53665600
2024-02-21,180.64,181.59,179.37,181.02,41371400
2024-02-22,182.17,183.64,181.16,183.06,52292200
2024-02-23,183.69,183.72,180.93,181.22,45119700
2024-02-26,180.94,181.46,179.36,179.87,40867400
2024-02-27,179.81,182.61,178.28,181.33,54318900
2024-02-28,181.21,181.81,178.85,180.13,48953900
2024-02-29,179.98,181.27,178.25,179.46,136682600
2024-03-01,178.27,179.24,176.12,178.38,73563100
2024-03-04,174.89,175.64,172.55,173.85,81510100
2024-03-05,169.54,170.81,168.41,168.91,95132400
2024-03-06,169.84,170.02,167.48,167.91,68587700
2024-03-07,167.94,169.51,167.29,167.8,71765100
2024-03-08,167.8,172.46,167.74,169.51,76267000
2024-03-11,171.71,173.14,170.82,171.52,60139500
2024-03-12,171.92,172.79,169.79,171.99,59825400
2024-03-13,171.54,171.96,169.54,169.91,52488700
2024-03-14,171.68,173.07,170.82,171.77,72913500
2024-03-15,169.95,171.39,169.08,171.39,121752700
2024-03-18,174.32,176.44,172.28,172.48,75604200
2024-03-19,173.1,175.35,171.8,174.82,55215200
2024-03-20,174.47,177.4,173.84,177.4,53423100
2024-03-21,175.79,176.22,169.62,170.15,106181300
2024-03-22,170.54,171.82,168.85,171.05,71160100
2024-03-25,169.35,170.71,168.24,169.63,54288300
2024-03-26,168.79,170.2,168.37,168.5,57388400
2024-03-27,169.19,172.36,168.9,172.07,60273300
2024-03-28,170.53,171.0,169.29,170.26,65672700
2024-04-01,169.97,170.03,168.27,168.82,46240500
2024-04-02,167.87,168.13,167.03,167.64,49329500
2024-04-03,167.59,169.46,167.38,168.44,47691700
2024-04-04,169.08,170.69,167.62,167.62,53704400
2024-04-05,168.38,169.18,167.75,168.37,42104800
2024-04-08,167.82,167.99,167.04,167.25,37425500
2024-04-09,167.5,168.87,167.15,168.46,42373800
2024-04-10,167.6,167.88,165.92,166.58,49709300
2024-04-11,167.14,174.21,166.96,173.79,91070300
2024-04-12,173.02,177.09,172.97,175.29,101670900
2024-04-15,174.11,175.37,171.27,171.46,73531800
2024-04-16,170.53,172.52,167.07,168.17,73711200
2024-04-17,168.4,169.43,166.8,166.8,50901200
2024-04-18,166.83,167.44,165.36,165.85,43122900
2024-04-19,165.02,165.21,162.91,163.82,68149400
2024-04-22,164.34,166.07,163.6,164.66,48116400
2024-04-23,164.17,165.86,163.74,165.71,49537800
2024-04-24,165.35,168.09,165.02,167.81,48251800
2024-04-25,168.32,169.39,166.95,168.68,50558300
2024-04-26,168.67,170.12,167.97,168.09,44838400
2024-04-29,172.13,174.77,171.87,172.26,68169400
2024-04-30,172.09,173.74,168.79,169.12,65934800
2024-05-01,168.37,171.48,167.9,168.09,50383100
2024-05-02,171.28,172.18,169.67,171.8,94214900
2024-05-03,185.32,185.67,181.36,182.07,163224100
2024-05-06,181.05,182.89,179.13,180.41,78569700
2024-05-07,182.14,183.58,180.03,181.1,77305800
2024-05-08,181.55,181.76,180.16,181.44,45057100
2024-05-09,181.26,183.34,180.81,183.25,48983000
2024-05-10,183.83,184.02,181.08,181.99,50759500
2024-05-13,184.37,186.02,183.55,185.2,72044800
2024-05-14,186.43,187.21,185.21,186.35,52393600
2024-05-15,186.82,189.55,186.29,188.62,70400000
2024-05-16,189.37,189.99,188.56,188.74,52845200
2024-05-17,188.41,189.71,188.09,188.77,41282900
2024-05-20,188.24,190.81,187.92,189.94,44361300
2024-05-21,189.98,191.62,189.82,191.24,42309400
2024-05-22,191.16,191.7,189.17,189.8,34648500
2024-05-23,189.88,189.9,185.55,185.8,51005900
2024-05-24,187.73,189.48,186.95,188.88,36327000
2024-05-28,190.4,191.88,188.01,188.89,52280100
2024-05-29,188.51,191.14,188.41,189.19,53068000
2024-05-30,189.66,191.07,189.53,190.18,49889100
2024-05-31,190.33,191.46,188.81,191.14,75158300
2024-06-03,191.78,193.86,191.41,192.91,50080500
2024-06-04,193.51,194.19,191.91,193.23,47471400
2024-06-05,194.27,195.76,193.74,194.74,54156800
2024-06-06,194.56,195.36,193.05,193.36,41181800
2024-06-07,193.52,195.8,193.02,195.75,53103900
2024-06-10,195.76,196.16,191.04,192.0,97010200
2024-06-11,192.53,205.96,192.51,205.95,172373300
2024-06-12,206.17,218.93,205.7,211.84,198134300
2024-06-13,213.5,215.5,210.38,213.0,97862700
2024-06-14,212.61,213.93,210.08,211.26,70122700
2024-06-17,212.14,217.68,211.49,215.42,93728300
2024-06-18,216.33,217.37,211.77,213.05,79943300
2024-06-20,212.69,213.0,207.64,208.47,86172500
2024-06-21,209.17,210.66,205.91,206.29,241805100
2024-06-24,206.52,211.47,205.4,206.94,80727000
2024-06-25,207.94,210.16,207.4,207.86,55549700
2024-06-26,210.28,213.62,209.42,212.02,66213200
2024-06-27,213.45,214.49,211.12,212.86,49772700
2024-06-28,214.52,214.82,209.08,209.4,82542700
2024-07-01,210.86,216.25,210.69,215.5,60402900
2024-07-02,214.9,219.11,213.86,219.0,58046200
2024-07-03,218.73,220.27,217.76,220.27,37369800
2024-07-05,220.37,225.14,220.37,225.03,60412400
2024-07-08,225.78,226.53,221.96,226.5,59085900
2024-07-09,226.61,228.07,225.06,227.36,48076100
2024-07-10,227.97,231.73,227.92,231.63,62627700
2024-07-11,230.05,231.05,224.46,226.25,64710600
2024-07-12,227.6,231.29,227.36,229.21,53046500
2024-07-15,235.11,235.86,231.74,233.04,62631300
2024-07-16,233.64,234.9,230.99,233.46,43234300
2024-07-17,228.12,230.12,225.33,227.56,57345900
2024-07-18,228.95,229.11,220.98,222.88,66034600
2024-07-19,223.52,225.49,221.99,223.01,49151500
2024-07-22,225.7,226.46,221.8,222.66,48201800
2024-07-23,223.07,225.63,221.39,223.71,39960300
2024-07-24,222.7,223.5,215.87,217.28,61777600
2024-07-25,217.66,219.57,213.38,216.23,51391200
2024-07-26,217.44,218.22,214.76,216.7,41601300
2024-07-29,215.71,218.03,214.5,216.98,36311800
2024-07-30,217.92,219.06,214.87,217.53,41643800
2024-07-31,220.16,222.53,219.35,220.8,50036300
2024-08-01,223.07,223.18,215.76,217.1,62501000
2024-08-02,217.88,224.3,216.45,218.59,105568600
2024-08-05,197.94,212.27,194.87,208.06,119548600
2024-08-06,204.11,208.78,199.91,206.03,69660500
2024-08-07,205.7,212.4,205.2,208.61,63516400
2024-08-08,211.88,212.96,207.62,212.08,47161100
2024-08-09,210.87,215.53,210.74,214.99,42201600
2024-08-12,215.07,218.49,214.6,216.52,38028100
2024-08-13,218.0,220.86,218.0,220.24,44155300
2024-08-14,219.55,222.0,218.68,220.69,41960600
2024-08-15,223.56,224.31,221.73,223.68,46414000
2024-08-16,222.88,225.78,222.61,225.0,44340200
2024-08-19,224.67,224.94,222.01,224.84,40687800
2024-08-20,224.72,226.12,224.41,225.46,30299000
2024-08-21,225.47,226.92,224.01,225.35,34765500
2024-08-22,226.73,227.28,222.86,223.49,43695300
2024-08-23,224.61,227.16,223.29,225.79,38677300
2024-08-26,225.71,226.23,222.85,226.13,30602200
2024-08-27,224.95,227.79,223.85,226.97,35934600
2024-08-28,226.86,228.8,224.63,225.44,38052200
2024-08-29,229.03,231.84,227.82,228.73,51906300
2024-08-30,229.12,229.33,226.43,227.94,52990800
2024-09-03,227.49,227.94,220.15,221.74,50190600
2024-09-04,220.63,220.75,216.47,219.83,43840200
2024-09-05,220.6,224.44,220.49,221.35,36615400
2024-09-06,222.91,224.2,218.75,219.8,48423000
2024-09-09,219.8,220.24,215.71,219.89,67180000
2024-09-10,217.91,220.45,215.73,219.09,51591000
2024-09-11,220.43,222.06,216.88,221.63,44587100
2024-09-12,221.47,222.51,218.8,221.74,37455600
2024-09-13,222.54,223.0,220.88,221.47,36766600
2024-09-16,215.54,216.21,212.93,215.32,59357400
2024-09-17,214.75,215.9,213.51,215.79,45519300
2024-09-18,216.54,221.68,216.53,219.67,59894900
2024-09-19,223.95,228.76,223.59,227.81,66781300
2024-09-20,228.9,232.01,226.57,227.14,318679900
2024-09-23,226.29,228.39,224.76,225.42,54146000
2024-09-24,227.59,228.29,224.68,226.32,43556100
2024-09-25,223.89,226.24,222.98,225.32,42308700
2024-09-26,226.25,227.44,224.37,226.47,36636700
2024-09-27,227.4,228.46,226.25,226.73,34026000
2024-09-30,228.97,231.92,228.59,231.92,54541900
2024-10-01,228.46,228.59,222.7,225.16,63285000
2024-10-02,224.84,226.32,221.99,225.73,32880600
2024-10-03,224.1,225.76,222.29,224.62,34044200
2024-10-04,226.84,226.94,223.09,225.75,37245100
2024-10-07,223.46,224.64,220.3,220.66,39505400
2024-10-08,223.26,224.93,222.22,224.72,31855700
2024-10-09,224.19,228.69,223.79,228.48,33591100
2024-10-10,226.72,228.44,226.12,227.98,28183500
2024-10-11,228.24,228.35,226.29,226.5,31759200
2024-10-14,227.64,230.66,227.54,230.23,39882100
2024-10-15,232.53,236.39,231.29,232.77,64751400
2024-10-16,230.53,231.04,228.78,230.71,34082200
2024-10-17,232.35,232.77,229.45,231.07,32993800
2024-10-18,235.09,235.09,232.93,233.91,46431500
2024-10-21,233.36,235.75,233.36,235.38,36254500
2024-10-22,232.81,235.13,231.52,234.77,38846600
2024-10-23,233.0,234.05,226.7,229.69,52287000
2024-10-24,228.91,229.75,227.35,229.5,31109500
2024-10-25,228.68,232.14,228.51,230.34,38802300
2024-10-28,232.24,233.64,231.47,232.32,36087100
2024-10-29,232.02,233.24,231.24,232.59,35417200
2024-10-30,231.53,232.39,228.49,229.03,47070900
2024-10-31,228.28,228.77,224.33,224.86,64370100
2024-11-01,219.95,224.31,219.25,221.88,65276700
2024-11-04,219.97,221.76,218.69,220.98,44944500
2024-11-05,220.77,222.91,220.12,222.41,28111300
2024-11-06,221.58,225.02,220.17,221.69,54561100
2024-11-07,223.59,226.82,223.53,226.43,42137700
2024-11-08,226.37,227.85,225.61,226.16,38328800
2024-11-11,224.2,224.9,220.72,223.44,42005600
2024-11-12,223.76,224.79,222.57,223.44,40398300
2024-11-13,223.22,225.85,221.97,224.32,48566200
2024-11-14,224.22,228.06,224.2,227.41,44923900
2024-11-15,225.6,226.12,223.48,224.2,47923700
2024-11-18,224.45,228.93,224.37,227.21,44633700
2024-11-19,226.18,229.35,225.86,227.47,36211800
2024-11-20,227.25,229.12,225.09,228.19,35169600
2024-11-21,228.07,229.35,224.91,227.71,42108300
2024-11-22,227.25,229.9,227.25,229.06,38168300
2024-11-25,230.64,232.42,228.93,232.05,90152800
2024-11-26,232.5,234.74,232.5,234.23,45986200
2024-11-27,233.64,234.86,232.98,234.1,33498400
2024-11-29,233.98,236.97,233.14,236.49,28481400
2024-12-02,236.43,239.94,236.32,238.74,48137100
2024-12-03,238.96,241.9,238.05,241.79,38861000
2024-12-04,242.01,243.25,240.4,242.15,44383900
2024-12-05,243.13,243.67,241.27,242.18,40033900
2024-12-06,242.05,243.76,241.22,241.98,36870600
2024-12-09,240.97,246.37,240.89,245.88,44649200
2024-12-10,246.02,247.33,244.47,246.89,36914800
2024-12-11,247.08,249.91,245.39,245.62,45205800
2024-12-12,246.02,247.86,244.81,247.08,32777500
2024-12-13,246.94,248.41,245.37,247.25,33155300
2024-12-16,247.11,250.49,246.77,250.15,51694800
2024-12-17,249.2,252.93,248.9,252.58,51356400
2024-12-18,251.27,253.38,246.86,247.17,56774100
2024-12-19,246.62,251.11,246.22,248.91,60882300
2024-12-20,247.16,254.1,244.82,253.59,147495300
2024-12-23,253.87,254.75,252.55,254.37,40858800
2024-12-24,254.59,257.3,254.39,257.29,23234700
2024-12-26,257.28,259.18,256.72,258.1,27237100
2024-12-27,256.92,257.78,252.16,254.69,42355300
2024-12-30,251.34,252.6,249.86,251.31,35557500
2024-12-31,251.55,252.38,248.55,249.53,39480700
2025-01-02,248.05,248.22,240.96,242.99,55740700
2025-01-03,242.5,243.32,241.03,242.5,40244100
2025-01-06,243.45,246.46,242.34,244.13,45045600
2025-01-07,242.12,244.68,240.5,241.35,40856000
2025-01-08,241.06,242.85,239.2,241.84,37628900
2025-01-10,239.16,239.31,232.18,236.01,61710900
2025-01-13,232.7,233.84,228.91,233.57,49630700
2025-01-14,233.92,235.28,231.65,232.45,39435300
2025-01-15,233.81,238.11,233.6,237.03,39832000
2025-01-16,236.51,237.17,227.22,227.45,71759100
2025-01-17,231.3,231.47,227.67,229.17,68488300
2025-01-21,223.21,223.63,218.6,221.85,98070400
2025-01-22,219.01,223.33,219.01,223.04,64126500
2025-01-23,223.95,226.23,221.51,222.87,60234800
2025-01-24,223.98,224.83,220.63,221.99,54697900
2025-01-27,223.23,231.33,223.19,229.05,94863400
2025-01-28,230.03,239.34,229.99,237.42,75707600
2025-01-29,233.29,239.01,233.18,238.51,45486100
2025-01-30,237.83,239.94,236.37,236.75,55658300
2025-01-31,246.32,246.32,232.61,235.17,100959800
2025-02-03,229.18,231.01,224.9,227.2,73063300
2025-02-04,226.45,232.31,225.85,231.98,45067300
2025-02-05,227.72,231.85,227.46,231.65,39620300
2025-02-06,230.47,232.97,229.61,232.4,29925300
2025-02-07,231.78,233.17,226.46,226.82,39707200
2025-02-10,229.01,230.03,226.65,227.09,33115600
2025-02-11,227.64,234.66,227.57,232.05,53718400
2025-02-12,230.64,236.38,230.12,236.29,45243300
2025-02-13,236.33,241.75,234.99,240.94,53614100
2025-02-14,240.66,244.95,240.4,244.0,40896200
2025-02-18,243.55,244.58,241.25,243.87,48822500
2025-02-19,244.06,245.41,242.57,244.27,32204200
2025-02-20,244.34,246.18,243.69,245.23,32316900
2025-02-21,245.35,248.08,244.62,244.95,53197400
2025-02-24,244.33,248.25,243.82,246.5,51326400
2025-02-25,247.39,249.39,244.31,246.44,48013300
2025-02-26,243.73,244.38,238.55,239.77,44433600
2025-02-27,238.83,241.87,236.48,236.72,41153600
2025-02-28,236.37,241.5,229.64,241.25,56833400
2025-03-03,241.2,243.43,235.53,237.45,47184000
2025-03-04,237.13,239.48,234.11,235.35,53798100
2025-03-05,234.85,235.97,228.67,235.16,47227600
2025-03-06,233.87,237.28,232.59,234.76,45170400
2025-03-07,234.54,240.78,234.19,238.49,46273600
2025-03-10,234.96,235.58,223.67,226.92,72071200
2025-03-11,223.26,225.29,216.92,220.3,76137400
2025-03-12,219.6,221.21,214.39,216.45,62547500
2025-03-13,215.42,216.31,207.91,209.17,61368300
2025-03-14,210.73,213.43,209.07,212.97,60107600
2025-03-17,212.79,214.69,209.46,213.48,48073400
2025-03-18,213.64,214.62,210.97,212.17,42432400
2025-03-19,213.7,218.23,213.23,214.71,54385400
2025-03-20,213.47,216.96,211.7,213.58,48862900
2025-03-21,211.04,218.31,210.76,217.74,94127800
2025-03-24,220.46,220.94,218.05,220.19,44299500
2025-03-25,220.23,223.55,219.54,223.2,34493600
2025-03-26,222.96,224.47,219.93,220.99,34466100
2025-03-27,220.85,224.44,220.02,223.3,37094800
2025-03-28,221.13,223.26,217.15,217.37,39818600
2025-03-31,216.48,225.07,215.7,221.59,65299300
2025-04-01,219.27,223.13,218.37,222.65,36412700
2025-04-02,220.78,224.64,220.48,223.34,35905900
2025-04-03,205.04,206.98,200.76,202.69,103419000
2025-04-04,193.42,199.39,186.88,187.92,125910900
2025-04-07,176.77,193.68,174.19,181.02,160466300
2025-04-08,186.24,189.88,168.8,172.0,120859500
2025-04-09,171.53,200.12,171.47,198.36,184395900
2025-04-10,188.61,194.3,182.55,189.96,121880000
2025-04-11,185.65,199.05,185.61,197.67,87435900
2025-04-14,210.92,212.42,200.67,202.03,101352900
2025-04-15,201.37,203.01,199.31,201.65,51343900
2025-04-16,197.88,200.21,191.9,193.8,59732400
2025-04-17,196.72,198.34,193.95,196.5,52164700
2025-04-21,192.8,193.33,189.35,192.69,46742500
2025-04-22,195.64,201.1,195.49,199.25,52976400
2025-04-23,205.5,207.49,202.3,204.1,52929200
2025-04-24,204.39,208.32,202.44,207.86,47311000
2025-04-25,205.87,209.24,205.7,208.77,38222300
2025-04-28,209.49,210.98,206.95,209.63,38743100
2025-04-29,208.18,211.72,207.86,210.69,36827600
2025-04-30,208.79,213.06,206.17,211.98,52286500
2025-05-01,208.57,214.04,208.39,212.8,57365700
2025-05-02,205.59,206.48,201.67,204.85,101010600
2025-05-05,202.6,203.6,197.73,198.4,69018500
2025-05-06,197.73,200.16,196.54,198.03,51216500
2025-05-07,198.68,198.95,192.78,195.77,68536700
2025-05-08,197.24,199.56,194.2,197.01,50478900
2025-05-09,198.51,200.05,197.06,198.05,36453900
2025-05-12,210.73,211.03,206.52,210.55,63775800
2025-05-13,210.19,213.16,208.76,212.69,51909300
2025-05-14,212.19,213.7,210.34,212.09,49325800
2025-05-15,210.71,212.72,209.3,211.21,45029500
2025-05-16,212.12,212.33,209.53,211.02,54737900
2025-05-19,207.67,209.24,204.03,208.54,46140500
2025-05-20,207.43,208.23,204.8,206.63,42496600
2025-05-21,204.94,206.81,200.48,201.86,59211800
2025-05-22,200.48,202.52,199.47,201.13,46742400
2025-05-23,193.45,197.48,193.24,195.05,78432900
2025-05-27,198.08,200.51,197.21,199.98,56288500
2025-05-28,200.36,202.5,199.67,200.19,45339700
2025-05-29,203.35,203.58,198.28,199.72,51396800
2025-05-30,199.14,201.73,196.56,200.62,70819900
2025-06-02,200.05,201.9,199.89,201.47,35423300
2025-06-03,201.12,203.54,200.73,203.04,46381600
2025-06-04,202.68,206.01,201.87,202.59,43604000
2025-06-05,203.27,204.52,199.92,200.4,55126100
2025-06-06,202.77,205.47,201.82,203.69,46607700
2025-06-09,204.16,205.77,199.79,201.22,72862600
2025-06-10,200.37,204.12,200.34,202.44,54672600
2025-06-11,203.27,204.27,198.19,198.55,60989900
2025-06-12,198.85,199.45,197.14,198.97,43904600
2025-06-13,199.5,200.14,195.48,196.23,51447300
2025-06-16,197.08,198.46,196.34,198.2,43020700
2025-06-17,196.98,198.17,194.99,195.42,38856200
2025-06-18,195.72,197.35,194.85,196.36,45394700
2025-06-20,198.02,201.47,196.64,200.77,96813500
2025-06-23,201.4,202.07,198.73,201.27,55814300
2025-06-24,202.36,203.21,199.97,200.07,54064000
2025-06-25,201.22,203.44,200.39,201.33,39525700
2025-06-26,201.2,202.41,199.23,200.77,50799100
2025-06-27,201.66,202.99,199.77,200.85,73188600
2025-06-30,201.78,207.15,199.03,204.94,91912800
2025-07-01,206.44,209.95,205.91,207.58,78788900
2025-07-02,208.67,213.1,207.9,212.2,67941800
2025-07-03,211.91,214.41,211.57,213.31,34955800
2025-07-07,212.44,215.98,208.56,209.71,50229000
2025-07-08,209.86,211.19,208.21,209.77,42848900
2025-07-09,209.29,211.09,206.99,210.9,48749400
2025-07-10,210.27,213.24,209.79,212.17,44443600
2025-07-11,210.33,211.89,209.62,210.92,39765800
2025-07-14,209.69,210.67,207.3,208.38,38840100
2025-07-15,208.98,211.65,208.68,208.87,42296300
2025-07-16,210.06,212.16,208.4,209.92,47490500
2025-07-17,210.33,211.56,209.35,209.78,48068100
2025-07-18,210.63,211.55,209.46,210.94,48974600
2025-07-21,211.86,215.54,211.39,212.24,51377400
2025-07-22,212.9,214.71,211.99,214.16,46404100
2025-07-23,214.76,214.91,212.17,213.91,46989300
2025-07-24,213.66,215.45,213.29,213.52,46022600
2025-07-25,214.46,215.0,213.16,213.64,40268800
2025-07-28,213.79,214.61,212.82,213.81,37858000
2025-07-29,213.94,214.57,210.58,211.03,51411700
2025-07-30,211.66,212.15,207.48,208.81,45512500
2025-07-31,208.25,209.6,206.93,207.33,80698400
2025-08-01,210.63,213.34,201.27,202.15,104434500
2025-08-04,204.28,207.64,201.45,203.12,75109300
2025-08-05,203.17,205.11,201.93,202.69,44155100
2025-08-06,205.4,215.14,205.36,213.01,108483100
2025-08-07,218.63,220.6,216.33,219.78,90224800
2025-08-08,220.58,230.74,219.0,229.09,113854000
2025-08-11,227.92,229.56,224.76,227.18,61806100
2025-08-12,228.01,230.8,227.07,229.65,55626200
2025-08-13,231.07,235.0,230.43,233.33,69878500
2025-08-14,234.06,235.12,230.85,232.78,51916300
2025-08-15,234.0,234.28,229.34,231.59,56038700
2025-08-18,231.7,233.12,230.11,230.89,37476200
2025-08-19,231.28,232.87,229.35,230.56,39402600
2025-08-20,229.98,230.47,225.77,226.01,42263900
2025-08-21,226.27,226.52,223.78,224.9,30621200
2025-08-22,226.17,229.09,225.41,227.76,42477800
2025-08-25,226.48,229.3,226.23,227.16,30983100
2025-08-26,226.87,229.49,224.69,229.31,54575100
2025-08-27,228.61,230.9,228.26,230.49,31259500
2025-08-28,230.82,233.41,229.34,232.56,38074700
2025-08-29,232.51,233.38,231.37,232.14,39418400
2025-09-02,229.25,230.85,226.97,229.72,44075600
2025-09-03,237.21,238.85,234.36,238.47,66427800
2025-09-04,238.45,239.9,236.74,239.78,47549400
2025-09-05,240.0,241.32,238.49,239.69,54870400
2025-09-08,239.3,240.15,236.34,237.88,48999500
2025-09-09,237.0,238.78,233.36,234.35,66313900
2025-09-10,232.19,232.42,225.95,226.79,83440800
2025-09-11,226.88,230.45,226.65,230.03,50208600
2025-09-12,229.22,234.51,229.02,234.07,55824200
2025-09-15,237.0,238.19,235.03,236.7,42699500
2025-09-16,237.18,241.22,236.32,238.15,63421100
2025-09-17,238.97,240.1,237.73,238.99,46508000
2025-09-18,239.97,241.2,236.65,237.88,44249600
2025-09-19,241.23,246.3,240.21,245.5,163741300
2025-09-22,248.3,256.64,248.12,256.08,105517400
2025-09-23,255.88,257.34,253.58,254.43,60275200
2025-09-24,255.22,255.74,251.04,252.31,42303700
2025-09-25,253.21,257.17,251.71,256.87,55202100
2025-09-26,254.1,257.6,253.78,255.46,46076300
2025-09-29,254.56,255.0,253.01,254.43,40127700
2025-09-30,254.86,255.92,253.11,254.63,37704300
